Metric,Train,Test
MSE,1634431.4036971522,7461694.288383251
RMSE,1278.4488271718787,2731.6102006661295
MAE,939.1039875807322,2149.7084229652014
R²,0.9757764859154995,0.806082517778369
