Model,Test_RMSE,Test_MAE,Test_R2
PyCaret AutoML,1277.3270988024565,966.8354268649566,0.9575982516763862
XGBoost Tuned,2238.881907714764,1722.696716406331,0.8697307581068138
XGBoost Baseline,2266.8933395081613,1763.999854690722,0.8664506787941801
Random Forest Baseline,2731.610200666129,2149.7084229652014,0.806082517778369
