Best_Model,Test_R2,Test_RMSE,Test_MAE,Improvement_vs_Baseline_pct
PyCaret AutoML,0.9575982516763862,1277.3270988024565,966.8354268649566,18.796553771642046
