Model,RMSE,MAE,R2
Pipeline,1277.3270988024565,966.8354268649566,0.9575982516763862
